Genotype	inbred	sid	sid1	sid2
3IIH6	TRUE	dn18a#3IIH6		
A188	TRUE	dn18a#A188		
A682	TRUE	dn17a#A682		
AS5707	TRUE	dn18a#AS5707		
B37	TRUE	dn17a#B37		
B73	TRUE	dn19a#B73		
B84	TRUE	dn18a#B84		
B97	TRUE	dn17a#B97		
CH10	TRUE	dn14a#CH10		
CML103	TRUE	dn17b#CML103		
CML228	TRUE	dn19a#CML228		
CML247	TRUE	dn17b#CML247		
CML277	TRUE	dn17b#CML277		
CML322	TRUE	dn17b#CML322		
CML333	TRUE	dn17b#CML333		
CML52	TRUE	dn17b#CML52		
CML69	TRUE	dn17b#CML69		
CR1HT	TRUE	dn18a#CR1Ht		
D06	TRUE	dn14a#D06		
D09	TRUE	dn14a#D09		
D152	TRUE	dn14a#D152		
DK105	TRUE	dn14a#DK105		
DKHBA1	TRUE	dn18a#DKHBA1		
EC169	TRUE	dn14a#EC169		
EC49A	TRUE	dn14a#EC49A		
EP1	TRUE	dn14a#EP1		
EP44	TRUE	dn14a#EP44		
EZ5	TRUE	dn14a#EZ5		
F03802	TRUE	dn14a#F03802		
F2	TRUE	dn14a#F2		
F252	TRUE	dn14a#F252		
F283	TRUE	dn14a#F283		
F353	TRUE	dn14a#F353		
F618	TRUE	dn14a#F618		
F64	TRUE	dn14a#F64		
F7	TRUE	dn14a#F7		
F98902	TRUE	dn14a#F98902		
FBLL	TRUE	dn18a#FBLL		
FF0721H-7	TRUE	dn14a#FF0721H-7		
H84	TRUE	dn17a#H84		
H99	TRUE	dn15a#H99		
HP301	TRUE	dn15a#HP301		
IL14H	TRUE	dn17a#Il14H		
KI11	TRUE	dn17b#Ki11		
KI3	TRUE	dn17b#KI3		
KY21	TRUE	dn17b#Ky21		
LH123HT	TRUE	dn18a#LH123Ht		
LH145	TRUE	dn18a#LH145		
LH146HT	TRUE	dn18a#LH146Ht		
LH156	TRUE	dn18a#LH156		
LH168	TRUE	dn18a#LH168		
LH185	TRUE	dn18a#LH185		
LH198	TRUE	dn18a#LH198		
LH200	TRUE	dn18a#LH200		
LH59	TRUE	dn18a#LH59		
LH74	TRUE	dn18a#LH74		
LH82	TRUE	dn18a#LH82		
LH85	TRUE	dn18a#LH85		
LH93	TRUE	dn18a#LH93		
LO11	TRUE	dn14a#Lo11		
M162W	TRUE	dn17b#M162W		
M37W	TRUE	dn17b#M37W		
MO17	TRUE	dn18a#Mo17		
MO18W	TRUE	dn17b#MO18W		
MO44	TRUE	dn18a#Mo44		
MO45	TRUE	dn18a#Mo45		
MOG	TRUE	dn18a#MoG		
MS71	TRUE	dn17a#Ms71		
NC230	TRUE	dn18a#NC230		
NC350	TRUE	dn17b#NC350		
NC358	TRUE	dn17a#NC358		
NKH8431	TRUE	dn18a#NKH8431		
NP899	TRUE	dn18a#NP899		
OH43	TRUE	dn18a#Oh43		
OH7B	TRUE	dn17a#OH7B		
P39	TRUE	dn17b#P39		
PH207	TRUE	dn18a#PH207		
PHAA0	TRUE	dn18a#PHAA0		
PHB47	TRUE	dn18a#PHB47		
PHG29	TRUE	dn18a#PHG29		
PHG35	TRUE	dn18a#PHG35		
PHG39	TRUE	dn18a#PHG39		
PHG47	TRUE	dn18a#PHG47		
PHG50	TRUE	dn18a#PHG50		
PHG72	TRUE	dn18a#PHG72		
PHG83	TRUE	dn18a#PHG83		
PHJ40	TRUE	dn18a#PHJ40		
PHJ89	TRUE	dn18a#PHJ89		
PHK46	TRUE	dn18a#PHK46		
PHK56	TRUE	dn18a#PHK56		
PHK76	TRUE	dn18a#PHK76		
PHKM5	TRUE	dn18a#PHKM5		
PHMK0	TRUE	dn18a#PHMK0		
PHN11	TRUE	dn18a#PHN11		
PHN46	TRUE	dn18a#PHN46		
PHP02	TRUE	dn18a#PHP02		
PHP38	TRUE	dn18a#PHP38		
PHR03	TRUE	dn18a#PHR03		
PHT11	TRUE	dn18a#PHT11		
PHV78	TRUE	dn18a#PHV78		
PHW52	TRUE	dn18a#PHW52		
PHW65	TRUE	dn18a#PHW65		
SCRO1	TRUE	dn18a#SCRO1		
TEOSINTE	TRUE	dn14a#Teosinte		
TX303	TRUE	dn17a#Tx303		
TZI8	TRUE	dn17b#Tzi8		
UH006	TRUE	dn14a#UH006		
UH007	TRUE	dn14a#UH007		
UH009	TRUE	dn14a#UH009		
UH250	TRUE	dn14a#UH250		
UH304	TRUE	dn14a#UH304		
W117	TRUE	dn14a#W117		
W182NGT	TRUE	dn18a#W182Ngt		
W22	TRUE	dn17b#W22		
W37A	TRUE	dn18a#W37A		
W604S	TRUE	dn18a#W604S		
W605S	TRUE	dn18a#W605S		
W606S	TRUE	dn18a#W606S		
W64A	TRUE	dn12a#W64A		
B73xMO17	FALSE		dn19a#B73	dn18a#Mo17
B73xPH207	FALSE		dn19a#B73	dn18a#PH207
MO17xB73	FALSE		dn18a#Mo17	dn19a#B73
B73xOH43	FALSE		dn19a#B73	dn18a#Oh43
B73xW64A	FALSE		dn19a#B73	dn12a#W64A
B73xH99	FALSE		dn19a#B73	dn15a#H99
B73xH84	FALSE		dn19a#B73	dn17a#H84
W64AxOH43	FALSE		dn12a#W64A	dn18a#Oh43
OH43xW64A	FALSE		dn18a#Oh43	dn12a#W64A
B84xB73	FALSE		dn18a#B84	dn19a#B73
B84xMO17	FALSE		dn18a#B84	dn18a#Mo17
A682xB73	FALSE		dn17a#A682	dn19a#B73
A682xMO17	FALSE		dn17a#A682	dn18a#Mo17
PHG47xMO17	FALSE		dn18a#PHG47	dn18a#Mo17
NKH8431xB73	FALSE		dn18a#NKH8431	dn19a#B73
PHG35xB73	FALSE		dn18a#PHG35	dn19a#B73
PHG29xB73	FALSE		dn18a#PHG29	dn19a#B73
NC230xB73	FALSE		dn18a#NC230	dn19a#B73
LH145xB73	FALSE		dn18a#LH145	dn19a#B73
H99xMO17	FALSE		dn15a#H99	dn18a#Mo17
LH123HTxMO17	FALSE		dn18a#LH123Ht	dn18a#Mo17
LH123HTxB73	FALSE		dn18a#LH123Ht	dn19a#B73
LH156xMO17	FALSE		dn18a#LH156	dn18a#Mo17
PHW65xMO17	FALSE		dn18a#PHW65	dn18a#Mo17
LH85xB73	FALSE		dn18a#LH85	dn19a#B73
PHG39xPH207	FALSE		dn18a#PHG39	dn18a#PH207
PHG47xB73	FALSE		dn18a#PHG47	dn19a#B73
PHN11xB73	FALSE		dn18a#PHN11	dn19a#B73
PHJ40xB73	FALSE		dn18a#PHJ40	dn19a#B73
PHJ40xMO17	FALSE		dn18a#PHJ40	dn18a#Mo17
PHN11xMO17	FALSE		dn18a#PHN11	dn18a#Mo17
PHB47xMO17	FALSE		dn18a#PHB47	dn18a#Mo17
PHB47xB73	FALSE		dn18a#PHB47	dn19a#B73
OH43xB73	FALSE		dn18a#Oh43	dn19a#B73
PHG35xMO17	FALSE		dn18a#PHG35	dn18a#Mo17
H99xB73	FALSE		dn15a#H99	dn19a#B73
CR1HTxPH207	FALSE		dn18a#CR1Ht	dn18a#PH207
LH145xMO17	FALSE		dn18a#LH145	dn18a#Mo17
PHG50xMO17	FALSE		dn18a#PHG50	dn18a#Mo17
PHW65xB73	FALSE		dn18a#PHW65	dn19a#B73
PHG39xMO17	FALSE		dn18a#PHG39	dn18a#Mo17
MOGxMO17	FALSE		dn18a#MoG	dn18a#Mo17
MO17xPHG29	FALSE		dn18a#Mo17	dn18a#PHG29
MO44xMO17	FALSE		dn18a#Mo44	dn18a#Mo17
MO17xOH43	FALSE		dn18a#Mo17	dn18a#Oh43
PHG50xB73	FALSE		dn18a#PHG50	dn19a#B73
PH207xB73	FALSE		dn18a#PH207	dn19a#B73
MOGxB73	FALSE		dn18a#MoG	dn19a#B73
OH43xPH207	FALSE		dn18a#Oh43	dn18a#PH207
PHB47xPH207	FALSE		dn18a#PHB47	dn18a#PH207
PH207xMO17	FALSE		dn18a#PH207	dn18a#Mo17
NC230xPH207	FALSE		dn18a#NC230	dn18a#PH207
MO44xB73	FALSE		dn18a#Mo44	dn19a#B73
MO45xB73	FALSE		dn18a#Mo45	dn19a#B73
LH156xB73	FALSE		dn18a#LH156	dn19a#B73
LH93xB73	FALSE		dn18a#LH93	dn19a#B73
MO45xMO17	FALSE		dn18a#Mo45	dn18a#Mo17
PHW65xPH207	FALSE		dn18a#PHW65	dn18a#PH207
W64AxPH207	FALSE		dn12a#W64A	dn18a#PH207
PHN11xPH207	FALSE		dn18a#PHN11	dn18a#PH207
OH43xMO17	FALSE		dn18a#Oh43	dn18a#Mo17
LH85xPH207	FALSE		dn18a#LH85	dn18a#PH207
PHG72xB73	FALSE		dn18a#PHG72	dn19a#B73
NKH8431xMO17	FALSE		dn18a#NKH8431	dn18a#Mo17
NKH8431xPH207	FALSE		dn18a#NKH8431	dn18a#PH207
H99xPH207	FALSE		dn15a#H99	dn18a#PH207
LH145xPH207	FALSE		dn18a#LH145	dn18a#PH207
PHJ40xPH207	FALSE		dn18a#PHJ40	dn18a#PH207
W64AxMO17	FALSE		dn12a#W64A	dn18a#Mo17
MO17xPH207	FALSE		dn18a#Mo17	dn18a#PH207
PHG83xMO17	FALSE		dn18a#PHG83	dn18a#Mo17
LH93xMO17	FALSE		dn18a#LH93	dn18a#Mo17
B84xPH207	FALSE		dn18a#B84	dn18a#PH207
CR1HTxB73	FALSE		dn18a#CR1Ht	dn19a#B73
CR1HTxMO17	FALSE		dn18a#CR1Ht	dn18a#Mo17
LH123HTxPH207	FALSE		dn18a#LH123Ht	dn18a#PH207
LH93xPH207	FALSE		dn18a#LH93	dn18a#PH207
MO45xPH207	FALSE		dn18a#Mo45	dn18a#PH207
W64AxB73	FALSE		dn12a#W64A	dn19a#B73
PHG39xB73	FALSE		dn18a#PHG39	dn19a#B73
PHG35xPH207	FALSE		dn18a#PHG35	dn18a#PH207
LH85xMO17	FALSE		dn18a#LH85	dn18a#Mo17
NC230xMO17	FALSE		dn18a#NC230	dn18a#Mo17
PHG83xPH207	FALSE		dn18a#PHG83	dn18a#PH207
PHG47xPH207	FALSE		dn18a#PHG47	dn18a#PH207
PHG29xPH207	FALSE		dn18a#PHG29	dn18a#PH207
PHG29xMO17	FALSE		dn18a#PHG29	dn18a#Mo17
PHG83xB73	FALSE		dn18a#PHG83	dn19a#B73
PHG72xPH207	FALSE		dn18a#PHG72	dn18a#PH207
PHG72xMO17	FALSE		dn18a#PHG72	dn18a#Mo17
PHG50xPH207	FALSE		dn18a#PHG50	dn18a#PH207
B73xW22	FALSE		dn19a#B73	dn17b#W22
PH207xW22	FALSE		dn18a#PH207	dn17b#W22
W22xB73	FALSE		dn17b#W22	dn19a#B73
W22xPH207	FALSE		dn17b#W22	dn18a#PH207
W22xTEOSINTE	FALSE		dn17b#W22	dn14a#Teosinte
